friedman_stat,friedman_p,kendall_W,kendall_W_from_friedman,n_tasks,n_unique_raters,n_submissions
6.019108280254733,0.11068425758248614,0.008529135338345865,0.10031847133757889,20,21,420
