friedman_stat,friedman_p,kendall_W,kendall_W_from_friedman,n_tasks,n_unique_raters,n_submissions
7.0473372781064905,0.0704041799620804,0.009040178571428572,0.11745562130177484,20,21,440
