model,total_requests,successful_responses,non_empty_responses,coverage_pct,throughput_items_per_sec,total_cost,mean_cost,median_cost,mean_latency,median_latency,min_latency,max_latency
google/gemini-2.5-flash-lite,20,20,20,100.0,0.31,0.0042947,0.00021473500000000002,0.0002321,3.21900695,2.7213355000000004,1.932285,6.147106
meta-llama/llama-4-maverick,20,20,20,100.0,0.41,0.00790907,0.00039545350000000004,0.00033457500000000004,2.45895115,2.3784935000000003,0.735607,6.804995
openai/gpt-4o-mini,20,20,20,100.0,0.24,0.07250805,0.0036254025000000004,0.003957375,4.10684125,4.001943,2.214287,10.724296
qwen/qwen3-vl-8b-instruct,20,20,20,100.0,0.43,0.00364262,0.000182131,0.00013441,2.3095504,2.268528,1.739304,3.018243
